﻿Designator,Footprint,Quantity,Value,LCSC Part #
"C1, C2, C5",CP_EIA-3216-18_Kemet-A_Pad1.58x1.35mm_HandSolder,3,10uF,
"C3, C4",0805,2,100nF,
C6,0805,1,22uF,
"J1, J2",Molex_9pin_3.50,2,39502-1009,
"R10, R14, R2, R3, R4, R8, R9",0805,7,120R,
"R11, R12, R13, R5, R6, R7",0805,6,10k,
TP1,INSET_LOGO,1,LOGO,
U10,Converter_DCDC_TRACO_TBA2-xxxx_Single_THT,1,TBA2-0511,
U2,SOT-223-3_TabPin2,1,NCP1117-3.3,
"U3, U4, U5, U6, U7, U8",SMDIP-4_W9.53mm,6,LTV-817S,
U9,SOIC-16W_7.5x10.3mm_P1.27mm,1,ISO1452BDWR,
